Dimkata Angelov - Gaberot,Кавадарци,Braka Hadzi-Tefovi,41.4320592,22.0140878
Библиотека Феткин,Кавадарци,7ми Септември,41.4340077,22.0124363
Факултет за туризам и угостителство,Охрид,Партизанска,41.1078977,20.8087351
Григор Прличев,Охрид,Булевар Туристичка,41.1138095,20.8059333
Централна детска градинка,Охрид,Димитар Влахов,41.113318,20.8057101
Gradska Biblioteka,Крива Паланка,Свети Јоаким Осоговски,42.2055718,22.3361557
Партизан,Крива Паланка,Свети Јоаким Осоговски,42.2057455,22.3356267
Бели Мурги,Скопје,Ацо Караманов,41.9880653,21.4158375
ООУ „Дедо Илјо Малешевски“,Берово,Маршал Тито,41.7083571,22.8557297
Детска градинка „23 Август“,Берово,Задарска,41.70598,22.8538
ОСУ „Ацо Русковски“,Берово,Даме Груев,41.71394,22.85415
ЦСО Нико Нестор,Струга,Пролетерски Бригади,41.182665,20.6755028
Економско училиште,Тетово,Љубо Момировски,42.0102278,20.9800995
ОСЕУ '8-ми Септември',Тетово,Љубо Момировски,42.0101321,20.9800652
Хаџи Јован Шишко,Скопје,,42.0387406,21.4242968
ООУ „Свети Климент Охридски“ - Бутел,Скопје,Рамно,42.0401876,21.445394
Музичко-балетско училиште „Илија Николовски - Луј“,Скопје,Плоштад 'Карпошово Востание',41.9983639,21.4355617
Партенија Зографски,Скопје,Дичо Петров,41.982566,21.4363017
O.U Goce Delcev,Ресен,29. Ноември,41.0897292,21.0162785
о.у. 'Гоце Делчев',Илинден,Улица 9,41.9930543,21.581798
Шишка,Кавадарци,,41.4419022,22.0199221
Gafurr Luma,Qafëshqipja,Osman Luma,42.1667974,21.1882299
ОУ Св. Климент Охридски,Облешево,A3,41.882871,22.3334866
Hristo Uzunov,Охрид,Марко Нестороски,41.1196746,20.8117352
Skolata Smojmirovo,Смојмирово,R1302,41.7355541,22.8440574
Славчо Стоименски,Виница,Бел Камен,41.8835512,22.5039001
Гоце Длчев,Виница,Бел Камен,41.8841103,22.5054236
City Library,Виница,Ангел Винички,41.8840704,22.5047369
Градинка Мирче Ацев,Скопје,Арсо Мицков,42.0183708,21.3558666
Игротека Робин Худ,Скопје,Дичо Петров,41.9824944,21.4357786
Дом за Слепи,Скопје,Георги Димитров,41.9757689,21.4411963
СОУ Мирко Милески-Урош,Кичево,Рудничка,41.5119453,20.9568913
ООУ Др Владимир Полежиноски-Полежина,Кичево,Левче Стефаноски - Тарзан,41.5048429,20.9609897
ОУ Кочо Рацин Охрид,Охрид,Радојица Новичиќ,41.1358547,20.8102678
Gradinka Mirce Acev,Скопје,Никола Пушкаров,42.006901,21.3508793
ОУ Александар Урдаревски,Мирковци,R2239,42.0941301,21.3974516
МВР Штип,Штип,Христијан Тодоровски Карпош,41.7382727,22.2021942
ИТ Академија Александрија,Скопје,Атинска,41.9967522,21.4073092
Основно Училиште Видое Подгорец,Колешино,R1402,41.381688,22.8164029
Комерцијална Банка,Скопје,"Плоштад ""Карпошово Востание""",41.9973091,21.4351329
ПООУ Стале Попов,Дуње,R29172,41.2796395,21.670958
DSU Kosta Susinov,Радовиш,Кеј 8ми Септември,41.6363397,22.4672673
OU Krste Petkov Misirkov,Радовиш,Булевар Александар Македонски,41.6354256,22.468426
ОМУ Ристо Јуруков,Кочани,Кузман Јосифовски Питу,41.9185555,22.4134704
Supero,Дражево,R1402,41.3743389,22.9194074
Коле Канински,Битола,Паца Мирчева,41.0045768,21.3467789
оу Коле Канински,Битола,Паца Мирчева,41.0045387,21.3464495
"ОУ ""Ванчо Китанов""",Пехчево,Даме Груев,41.7624428,22.8835063
"Детска градинка ""7-ми Септември""",Пехчево,Даме Груев,41.762945,22.8829109
Holiday Han,Гевгелија,Маршал Тито,41.1404029,22.5050961
Модест Мусоргски,Скопје,,41.9996873,21.4940443
"Детска Градинка ""Росица""",Охрид,Пере Тошев,41.1195356,20.7938178
Маршал Тито,Струмица,Пиринска,41.4335818,22.6362779
Народна гимназија Јане Сандански,Струмица,Моша Пијаде,41.4398906,22.6372536
Основно училиште Сандо Масев,Струмица,Моша Пијаде,41.440341,22.6362846
Видое Подгорец,Струмица,1ви Мај,41.4368796,22.6408215
Никола Вапцаров,Струмица,Максим Горки,41.4295445,22.6488595
Ѓуро Салај,Струмица,,41.443889,22.6370879
Младинска,Струмица,,41.4406719,22.6447
СОУ Димитар Влахов,Струмица,Панче Пешев,41.4392441,22.6466275
Градинка Детска радост,Струмица,Ѓорги Василев,41.4288653,22.6488724
Државен архив на Северна Македонија,Скопје,Кеј Димитар Влахов,41.9968185,21.4343486
ОУ Димката Ангелов Габерот - Ваташа,Кавадарци,Страшо Пинџур,41.419786,22.0176814
Снежана,Кавадарци,4 Мај,41.4252572,22.0143929
ПОУ Илинден,Конопница,Пролетерска,42.1823051,22.2928534
ОУ Илинден,Крива Паланка,Др. Наско Тамбурков,42.1967762,22.3242368
ПОУ Илинден,Мождивњак,A2,42.1762925,22.2496006
Григор Прличев,Охрид,Кеј Македонија,41.1126552,20.8006399
Детска градинка,Новаци,Новаци,41.0422962,21.4560704
Petta Privatna Gimnazija,Скопје,Индустриска,41.9932077,21.473723
Правен Факултет Св. Климент Охридски,Кичево,Александар Македонски,41.5109634,20.9595002
Elektro-tehnicki fakultet,Радовиш,Партизанска,41.637326,22.461869
Nikola Karev,Радовиш,Кеј 8ми Септември,41.64034,22.463039
Климент Охридски,Охрид,Трајче Трајчески,41.1210975,20.7791812
Дон на културата Н. Ј. Вапцаров,Делчево,Н. Ј. Вапцаров,41.9663875,22.772984
ОУ Ванчо Прќе,Ѕвегор,A3,41.9669828,22.8027712
Комплекс Медицински Институти,Скопје,50-та дивизија,41.9898623,21.4246243
Германска читалница,Скопје,Булевар Гоце Делчев,41.9981313,21.4393671
Американско катче Македонија,Скопје,Булевар Гоце Делчев,41.9980573,21.4397823
Ванчо Прке,Виница,Кочо Рацин,41.8868911,22.5066167
Кочо Рацин,Скопје,Козара,41.9916779,21.4189621
"SH.F "" 25 Maji """,Скопје,Хритифор Жефаровиќ,42.0126768,21.5104934
Градинка Ресен Gradinka,Ресен,Никола Неделковски-Коле,41.0872538,21.012492
ДСУ  Никола Карев,Скопје,Никола Русински,42.0041882,21.4011992
Едукативен центар СОНЦЕ,Скопје,Булевар Јане Сандански,41.9866117,21.4670763
ASM,Скопје,Никола Парапунов,42.0069742,21.3831677
shkolla e mesme teologjike,Гостивар,ul. 18-ti noemvri,41.7994281,20.8999313
Osnovno uciliste Sabedin Bajrami,Камењане,R1206,41.941539,20.927028
Osnovno uciliste Sabedin Bajrami,Камењане,R1206,41.9442832,20.9261478
Абдил Фрашери,Боговиње,102,41.9233035,20.9164487
ОУ Кирил Пејчиновиќ,Теарце,R1203,42.0761881,21.0523475
ОУ Кирил и Медодиј,Стајковци,Улица 6,42.0279527,21.5133898
ООУ Кирил и Методиј,Ораовица,R1310,41.6268908,22.5151443
"Shkolla fillore ""Eqrem Çabej""",Слатино,R1203,42.0651285,21.0434729
Helen Doron Kapistec,Скопје,Козара,41.9914476,21.4174048
"ПООУ ""Гоце Делчев"" - Штип, нас. Три Чешми",Три Чешми А4,41.7731308,22.1374625
Игротека Нодиленд,Марино,Улица 500,41.9910446,21.590661
Piano Forte,Скопје,Нобелова,42.0015851,21.3950847
Во светот на децата,Скопје,Сава Ковачевиќ,41.9715732,21.4563516
Гете-институт - Скопје,Скопје,8. Септември,42.006364,21.4061742
"ОУ ""Св.Климент Охридски""",Охрид,Климентов Универзитет,41.1141182,20.7968544
Fric Aid Kindergarten,Крива Паланка,Свети Јоаким Осоговски,42.1995912,22.3294653
Universiteti i Tetoves “Fakulteti i shkencave të zbatuara”,Тетово,Вон- Вардарска,41.9915112,20.9625155
ИБССА МАКЕДОНИЈА ТРЕНИНГ ЦЕНТАР,Куманово,Dragan Stoparevic,42.1230263,21.7321995
Shkolla Fillore “Sali Lisi”,Добри Дол,R1206,41.8619064,20.8899632
ОСУ Цар Самоил Касарна,Ресен,Prespanska,41.0921116,21.0047133
ООУ Мите Богоевски,Ресен,29. Ноември,41.0881356,21.0107101
Casta Diva,Скопје,Васил Главинов,41.9967891,21.4283169
Gimnazijum Sami Frasheri,Куманово,3 Македонска Ударна Бригада,42.1336401,21.7109563
,Скопје,Булевар Партизански Одреди,42.0022668,21.398993
Меѓународен балкански универзитет,Скопје,Самоилова,42.0017934,21.4348281
Bambi,Македонска Каменица,1-ви Мај,42.0181894,22.5905199
Клиф,Македонска Каменица,Маршал Тито,42.0214084,22.5890858
Kiril i Metodij,Македонска Каменица,М.М.Брицо,42.0224748,22.5881371
Central High School,Македонска Каменица,Маршал Тито,42.022804,22.5893854
Кампус 1,Штип,Кеј Маршал Тито,41.7366422,22.1912186
Кампус 1,Штип,Кеј Маршал Тито,41.7366568,22.1913009
Кампус 1,Штип,Кеј Маршал Тито,41.7366696,22.1913738
Мустафа Кемал Ататурк,Гостивар,Јна,41.7936137,20.9008852
"Градинка ""Виножито""",Штип,Сајбие Демир,41.7528885,22.196442
Deutsches Sprachzentrum,Скопје,Булевар Климент Охридски,42.0000789,21.4265771
Курсеви за Јазик,Гостивар,"ул. ""Мајор Чеде Филиповски""",41.7925564,20.9066898
Меѓународен Универзитет Визион,Гостивар,"ул. ""Мајор Чеде Филиповски""",41.7924608,20.9077838
Max van der Stoel,Тетово,Илинденска,41.9867327,20.9599279
R2244,Кокино,,42.2248372,21.8688123
Технолошко-техничкиот факултет - Нутриционизам,Кичево,Александар Македонски,41.5108839,20.9596189
Дом на културата „Крсте Петков Мисирков“,Свети Николе,Плоштад „Илинден“,41.8643195,21.9408047
ОУ Христијан Тодоровски Карпош,Скопје,Драган Ѓаконовски Шпато,42.0045864,21.4139586
08.12.1941,Прилеп,Борка Талески-Модерното,41.3435127,21.5549177
INTERNATIONAL UNIVERSITY OF,Мислешево,L31220,41.1700073,20.7083647
Библиотека „Браќа Миладиновци“ - Карпош,Скопје,Иван Аговски,42.0027424,21.4120526
,Скопје,Булевар Видое Смилевски Бато,41.983014,21.4768598
25 Мај,Скопје,Палмиро Тољати,42.0034662,21.5001674
Здравствен дом „Железничар“,Скопје,Даме Груев,41.9931271,21.4274537
Илјада книги,Скопје,Кеј 13 Ноември,41.9946963,21.4354639
Факултет за музучка уметност - Скопје,Скопје,"Плоштад ""Мајка Тереза""",41.9977913,21.4352317
Elementary School Magdalena Antova,Куманово,Улица 110,42.1537696,21.7355727
ОУ Jохан Хајнрих Песталоци,Скопје,Апостол Гусларот,41.9974458,21.4207761
Универзитет „Св. Кирил и Методиј“,Скопје,Булевар Гоце Делчев,42.0001211,21.4429258
,Скопје,9 Мај,41.9975758,21.4160152
ОУ Братство,Скопје,Јоаким Осоговски,42.0014174,21.3887245
Мајски Бумбар,Скопје,Хашка,42.0012832,21.3873011
ООУ „Јан Амос Коменски“,Скопје,Виенска,42.0007834,21.3940669
Градинка Орце Николов,Скопје,Драгиша Мисовиќ,42.0047354,21.397935
Другарче,Скопје,Никола Русински,42.0036192,21.4004515
Факултет за драмски уметности,Скопје,Руѓер Бошковиќ,42.0048024,21.4060363
ОУ Коле Неделковски,Скопје,Радњанска,42.0004114,21.420153
ОУ Вера Јоциќ,Скопје,Крива Феја,41.9951468,21.508095
Росица,Скопје,Франц Прешерн,42.0091644,21.3763845
ОУ Димо Хаџи Димов,Скопје,Ангел Динев,42.0052377,21.373704
QSI International School of Skopje,Скопје,Булевар Илинден,42.0074543,21.4131199
Архив на град Скопје,Скопје,Московска,42.0030932,21.3907447
Универзитет „Њујорк“,Скопје,Улица 1,42.0020499,21.3362188
ОУ Дане Крапчев,Скопје,Маџари,42.0036889,21.5029474
Средно медицинско,Скопје,Булевар Мајка Тереза,41.9907187,21.4229867
Педагошка Академија,Скопје,Дрезденска,42.0001276,21.4055326
СГГУ Здравко Цветковски,Скопје,Булевар Партизански Одреди,42.0012335,21.4026117
ОУ Лазар Трповски,Скопје,Драгиша Мисовиќ,42.0062139,21.398325
Европски универзитет,Скопје,Булевар Климент Охридски,41.9940769,21.4238179
ОУ „Кочо Рацин “,Скопје,Тодор Александров,41.9872322,21.4171205
Детска градинка „Кочо Рацин“,Скопје,Белградска,41.9878524,21.4172364
Меѓународни Училишта НОВА (гимназија),Скопје,Прашка,41.998682,21.3934916
Григор Прличев,Охрид,Булевар Туристичка,41.1139969,20.8059964
Григор Прличев,Охрид,Булевар Туристичка,41.1138278,20.8063403
Правен факултет „Јустинијан Први“,Скопје,Булевар Гоце Делчев,41.9995463,21.4429634
Економски факултет,Скопје,Булевар Гоце Делчев,42.0009142,21.4431363
Филозофски факултет,Скопје,Булевар Гоце Делчев,41.9999634,21.4444539
Ректорат,Скопје,Отокар Кершовани,42.0001268,21.4420171
,Македонски Брод,Партизанска,41.5119131,21.2171629
ООУ Климент Охридски,Македонски Брод,Јане Сандански,41.5118297,21.2158769
Дом на култура 25 Мај,Македонски Брод,Партизанска,41.5097744,21.2168495
ДГ 7. Септември,Македонски Брод,Партизанска,41.5103293,21.2169235
"ОУ ""26 Јули""",Скопје,Брсјачка Буна,42.0350555,21.4253708
Техничко-технолошки кампус,Скопје,Илинденска,42.0048012,21.4083577
Факултет за електротехника и информациски технологии,Скопје,Руѓер Бошковиќ,42.0043616,21.4079909
Техничко-технолошки кампус,Скопје,Илинденска,42.0040987,21.4097446
Детска градинка Пролет 2,Скопје,Милан Марковиќ,41.9928542,21.4030947
Национална и универзитетска библиотека,Скопје,Булевар Гоце Делчев,41.9979496,21.439345
ОУ Кирил и Методиј,Скопје,1737,41.9974322,21.4390043
Градинка Изворче,Скопје,Ангел Димовски,41.9864929,21.458354
Весели Цветови,Скопје,Локов,41.9733761,21.4408721
Техничко-технолошки кампус,Скопје,Илинденска,42.0045056,21.4064857
ФИНКИ - Барака 2,Скопје,Септемвриска сесија,42.0046504,21.4065183
Техничко-технолошки кампус,Скопје,Илинденска,42.0047945,21.4065527
Техничко-технолошки кампус,Скопје,Илинденска,42.0049523,21.4065913
Техничко-технолошки кампус,Скопје,Илинденска,42.0051006,21.4066281
Техничко-технолошки кампус,Скопје,Илинденска,42.0056465,21.4066339
СОУ Љупчо Сантов,Кочани,Глигор Апостолов Гочо,41.9140667,22.4098955
ОУ Кирил и Методиј,Кочани,Лазар Андонов,41.9137935,22.4105033
ОУ Раде Кратовче,Кочани,Коста Рацин,41.923412,22.4110822
Детска Градинка Павлина Вељанова клон 3,Кочани,Скопска,41.910011,22.4033059
СОУ Гошо Викентиев,Кочани,Тодосија Паунов,41.9145199,22.4379048
Шумарски факултет,Скопје,Булевар Александар Македонски,42.0020503,21.4592269
Seavus Education and Development Centar,Скопје,11 Октомври,41.9868677,21.4398588
ОУ Наум Наумовски Борче,Скопје,Маџари,41.9988671,21.4994041
Економски институт - Скопје,Скопје,Славко Јаневски,41.9887436,21.4374427
ОУГС Љубен Лапе,Скопје,Васко Карангелевски,41.9845851,21.4599625
ОУ Никола Карев,Кочани,Никола Карев,41.913683,22.4133949
ОУ Никола Карев,Кочани,Никола Карев,41.913505,22.4129669
Gradinka,Скопје,Пехчевска,41.9950767,21.5109582
СУГС Арсениј Јовков,Скопје,Ќемал Сејфула,42.0227827,21.44303
Универзитет Американ Колеџ Скопје,Скопје,Фрањо Клуз,41.9812276,21.4546477
ОУ Адем Јашари,Скопје,392,42.0111173,21.4380415
Ќемал Јахија,Скопје,Adem Kastrati,42.0300433,21.4411245
Институт за земјотресно инженерство и инженерска сеизмологија - ИЗИИС,Скопје,Тодор Александров,41.9791577,21.4259383
ПСУ „Јахја Кемал“,Скопје,Варшавска,42.0009715,21.3926854
Природно Математички Факултет,Скопје,Челопек,42.0016016,21.4518169
Brotherhood and Unity,Гостивар,ul. Pance Popovski,41.7909599,20.9110971
Leningradaska,Гостивар,,41.7956551,20.9067258
"Sh.F. ""Liria""",Тетово,ул. Дервиш Цара (ЈНА),42.0074435,20.9700207
Универзитет на Југоисточна Европа,Тетово,Илинденска,41.986984,20.9626467
О.У. Страшо Пинџур,Скопје,Николај Островски,42.0178598,21.3547045
Медиа Арт Студио,Скопје,Франклин Рузвелт,42.0002295,21.4129185
Средно уметничко училиште „Лазар Личеновски“,Скопје,Киро Крстевски Платник,41.995548,21.4207442
Мајски цвет,Скопје,Варшавска,42.000664,21.3967502
Orce Nikolov,Скопје,Бранислав Нушиќ,42.0028292,21.4084477
ОУ Војдан Чернодрински,Скопје,Дрезденска,41.99875,21.4100813
Партизан,Крива Паланка,Свети Јоаким Осоговски,42.20573,22.3357029
OU Joakim Krchovski,Крива Паланка,Свети Јоаким Осоговски,42.2036088,22.3343475
Vuk Karadzhikj / Naim Frasheri,Куманово,Страшко Симонов,42.1308788,21.7096696
Инвалидска комисија,Скопје,Букурешка,41.9997231,21.4002245
Крсте Мисирков / Браќа Миладиновци,Куманово,Народна Револуција,42.1327192,21.7195905
Гоце Делчев,Куманово,Прва Петолетка,42.1318882,21.7217365
Гимназија Кочо Рацин,Велес,Наум Наумовски Борче,41.7176114,21.7732488
С.С.О.У 'Коле Неделковси',Велес,Андон Шурков,41.7196265,21.7631748
Бели Мугри,Велес,Алексо Демниевски,41.7180637,21.7782984
Музичко О.У. “Киро Димов“,Велес,Страшо Пинџур,41.7185645,21.7828867
Тане Георгиевски,Куманово,Народна Револуција,42.1339256,21.7189594
Клинички центар - Државна болница,Скопје,Булевар Мајка Тереза,41.98852,21.4250843
ОУ „Кузман Јосифовски - Питу “,Скопје,Банско,41.9828558,21.4316583
ОУ „Кузман Јосифовски - Питу“,Скопје,Фредерик Шопен,41.9869025,21.4323628
Градинка Весели Цветови,Скопје,Антон Попов,41.983237,21.4353739
Библиотека „Браќа Миладиновци“,Скопје,Булевар Партизански Одреди,41.9997606,21.4201783
Кузман Јосифовски - Питу,Скопје,Коста Шахов,41.9957312,21.4240155
Музичко училиште „Панче Пешев“,Куманово,Братство Единство,42.1376636,21.7143257
СОсновно училиште „Кочо Рацин“,Куманово,Титова Митровачка,42.1189539,21.7338819
Градинка,Куманово,Сречко Пужалка,42.1324204,21.7207389
ОУ Лазо Ангеловски,Скопје,Видое Смилевски-Бато,41.9829096,21.4804533
ОУ Лазо Ангеловски,Скопје,Видое Смилевски-Бато,41.9830419,21.480187
ОУ Лазо Ангеловски,Скопје,Видое Смилевски-Бато,41.9828808,21.4799193
ОУ „Вера Циривири Трена“,Скопје,Руѓер Бошковиќ,42.003633,21.4087699
Детска градинка „11 Октомври“,Радишани,Радишанска,42.0611892,21.4507894
О.У „Ацо Шопов“,Радишани,Радишанска,42.0623645,21.4521691
ОУ „Браќа Миладиновци“,Скопје,Владимир Комаров,41.9913054,21.4512524
ОУ „Блаже Конески“,Скопје,Анастас Митрев,41.9867408,21.4499988
ОУ „Димитар Миладинов“,Скопје,11 Октомври,41.9892077,21.4347754
Факултет за земјоделски науки и храна,Скопје,Булевар Александар Македонски,42.0022287,21.4583354
Факултет за Ветеринарна Медицина,Скопје,Лазар Поп Трајков,42.0030067,21.4591822
ОУ Глигор Прличев,Скопје,Гемиџиска,42.0146285,21.4588956
Детска Градинка - Калинка,Скопје,Гемиџиска,42.0138358,21.4613062
СУ Панче Арсовски,Скопје,881,42.0061261,21.4645572
СУ Панче Арсовски,Скопје,881,42.0061042,21.4647678
Институт за хемија,Скопје,Архимедова,42.0012602,21.4537472
Лабораторија,Скопје,16 Makedonska brigada,42.0036564,21.4585901
Студентски Дом Стив Наумов,Скопје,Булевар Александар Македонски,42.0016256,21.4554107
Факултет за земјоделски науки и храна,Скопје,Булевар Александар Македонски,42.0018627,21.4585051
Институт за информатика,Скопје,Менделеева,42.0030479,21.449814
Институт за физика,Скопје,Гази Баба,42.0024483,21.450462
Институт за математика,Скопје,Гази Баба,42.0026551,21.4502399
Природно Математички Факултет,Скопје,Челопек,42.0032041,21.4500577
Природно Математички Факултет,Скопје,Челопек,42.0028564,21.4500238
Институт за етнологија и антрпологија,Скопје,Архимедова,42.0011837,21.4532434
Студентски Дом Стив Наумов,Скопје,Булевар Александар Македонски,42.0024657,21.4559712
Студентски Дом Стив Наумов,Скопје,Булевар Александар Македонски,42.002993,21.4555177
Студентски Дом Стив Наумов,Скопје,Булевар Александар Македонски,42.0018595,21.4558912
Студентски Дом Стив Наумов,Скопје,Булевар Александар Македонски,42.0026861,21.4548686
Студентски Дом Стив Наумов,Скопје,Булевар Александар Македонски,42.0027854,21.4555858
Лабораторија,Скопје,16 Makedonska brigada,42.0038042,21.4585529
Студентски Дом Стив Наумов,Скопје,Булевар Александар Македонски,42.0016437,21.4550715
Студентски Дом Стив Наумов,Скопје,Булевар Александар Македонски,42.0022154,21.4552164
ОУ Владо Тасевски,Скопје,Јуриј Гагарин,41.9961947,21.395978
Stiv Naumov,Скопје,Архимедова,42.0022695,21.4557545
Stiv Naumov,Скопје,Архимедова,42.0012804,21.4559004
Stiv Naumov,Скопје,Архимедова,42.0015767,21.4567881
Stiv Naumov,Скопје,Булевар Александар Македонски,42.0012926,21.456813
Студентски Дом Стив Наумов,Скопје,Булевар Александар Македонски,42.0028362,21.4552199
Студентски Дом Стив Наумов,Скопје,Булевар Александар Македонски,42.0029173,21.4559269
Ветеринарен Институт,Скопје,16 Македонска Бригада,42.003656,21.4590897
Студентски Дом Стив Наумов,Скопје,Булевар Александар Македонски,42.0004889,21.4559989
Студентски Дом Стив Наумов,Скопје,Булевар Александар Македонски,42.0027359,21.4543348
Студентски Дом Стив Наумов,Скопје,Булевар Александар Македонски,42.0018847,21.4542215
Stiv Naumov,Скопје,Архимедова,42.0020024,21.4549702
Студентски Дом Стив Наумов,Скопје,Булевар Александар Македонски,42.0027608,21.4559413
Студентски Дом Стив Наумов,Скопје,Булевар Александар Македонски,42.0026906,21.4552496
Студентски Дом Стив Наумов,Скопје,Булевар Александар Македонски,42.0025261,21.4543998
Stiv Naumov,Скопје,Архимедова,42.0020605,21.4555162
Stiv Naumov,Скопје,Булевар Александар Македонски,42.0010131,21.4568259
Студентски Дом Стив Наумов,Скопје,Булевар Александар Македонски,42.0025911,21.4540653
Stiv Naumov,Скопје,Архимедова,42.0018464,21.4552814
Ветеринарен Институт,Скопје,16 Македонска Бригада,42.0041382,21.4596472
Stiv Naumov,Скопје,Архимедова,42.0024192,21.4554347
Stiv Naumov,Скопје,Булевар Александар Македонски,42.0006984,21.4552742
ОУ Владо Тасевски,Скопје,Јуриј Гагарин,41.9960704,21.3959151
Студентски Дом Стив Наумов,Скопје,Булевар Александар Македонски,42.0023065,21.4548428
Stiv Naumov,Скопје,Архимедова,42.0022502,21.454478
Средно угостителско училиште „Лазар Танев“,Скопје,Стрезово,41.9932129,21.3996165
Еурека,Скопје,Стрезово,41.9934033,21.3979234
"Средно угостителско училиште ""Лазар Танев""",Скопје,Стрезово,41.9931939,21.3994474
Еурека,Скопје,Стрезово,41.9935582,21.3974349
ОУ Кирил и Методиј,Скопје,1737,41.9973785,21.4389267
ОУ Стив Наумов,Скопје,Бапчор,42.0034816,21.4661397
"Детска Градинка ""Темјанушка""",Скопје,Јани Лукровски,42.0019269,21.4633208
ОУ 11-ти Октомври,Скопје,3. Македонска Бригада,41.9891872,21.4406175
Детска Градинка Мимоза,Скопје,Бапчор,42.0033711,21.4676344
СУГС „Раде Јовчевски - Корчагин“,Скопје,Јосиф Јосифовски Свештарот,41.9905733,21.4380717
Yahya Kemal College,Скопје,Киро Глигоров,42.0012762,21.4733517
"Детска Градинка ""13 Ноември""",Скопје,Киро Крстевски Платник,41.9963459,21.4209368
,Скопје,Булевар Илинден,42.0061348,21.4130716
"СУГС Гимназија ""Орце Николов""",Скопје,Булевар Илинден,42.0061355,21.4124713
Техничко-технолошки кампус,Скопје,Илинденска,42.0051559,21.4078587
ОУ Цветан Димов,Скопје,Коста Абрашевиќ,42.0104452,21.4416559
ОУ Цветан Димов,Скопје,Коста Абрашевиќ,42.0105512,21.4416343
ОУ Васил Главинов,Скопје,Џон Кенеди,42.0134211,21.4332456
Детска Градинка Снежана,Скопје,Ismai Qemali,42.0135483,21.4345558
СУГС Цветан Димов,Скопје,Лазар Трповски,42.0139402,21.4376104
ОУ Рајко Жинзифов,Скопје,Петар Ичко,42.0196767,21.4335627
ОУ Петар Здравковски Пенко,Скопје,Ќемал Сејфула,42.0219663,21.4428671
Заводот за рехабилитација на деца и младинци “Топанско поле”,Скопје,Втора Македонска Бригада,42.0230019,21.4354433
СУГС Зефљуш Марку,Скопје,Nexhip Draga,42.0243618,21.4350155
ОУ Панајот Гиновски,Скопје,Ферид Бајрам,42.0208223,21.4517926
ОУ Лирија,Скопје,Цветан Димов,42.0085796,21.4446751
ОУ Лирија,Скопје,Цветан Димов,42.0085566,21.4444586
ОУ Тефјуз,Скопје,Ремзи Хоџа,42.0048655,21.4432037
ОУ Адем Јашари,Скопје,392,42.0111543,21.4376587
ОУ Иднина,Скопје,Ферид Бајрам,42.0208292,21.4462027
ОУ Никола Вапцаров,Скопје,Браќа Реџепагиќ,42.0160487,21.4410866
ОУ Јашар Беј Шкупи,Скопје,Св. Прохор Пчињски,42.0052312,21.4362644
Факултет за физичка култура,Скопје,Јордан Мијалков,41.9883388,21.4293199
Детска градинка „Кочо Рацин“,Скопје,Белградска,41.9877883,21.4171423
ОУ „Кочо Рацин “,Скопје,Тодор Александров,41.9870488,21.4172215
Православен Богословски факултет - Свети Климент Охридски,Скопје,Загрепска,41.9930174,21.4098921
Детска Градинка Страшо Пинџур,Скопје,Натанаил Кучевишки,42.0319074,21.4461611
Детска Градинка Бутел 2,Скопје,Иван Манолев,42.0213142,21.4524635
ОУ Живко Брајковски,Скопје,Хо Ши Мин,42.0309216,21.446902
Детска Градинка Бутел 1,Скопје,Хо Ши Мин,42.031579,21.4472821
Детска градинка „11 Октомври“,Радишани,Радишанска,42.0612301,21.4507811
О.У „Ацо Шопов“,Радишани,Радишанска,42.062402,21.4518915
СУГС Никола Карев,Скопје,Драгиша Мисовиќ,42.0042988,21.4010358
Градинка Орце Николов,Скопје,Драгиша Мисовиќ,42.0047326,21.3980041
ОУ Војдан Чернодрински,Скопје,Дрезденска,41.9987542,21.4101522
Ученички дом Здравко Цветковски,Скопје,Дрезденска,41.998634,21.4119815
Детска Градинка Бисери,Скопје,Каирска,42.0006034,21.4053381
СУГС Георги Димитров,Скопје,Париска,41.9997037,21.4019021
СУГС Георги Димитров,Скопје,Париска,41.9997738,21.4017983
СГГУ Здравко Цветковски,Скопје,Булевар Партизански Одреди,42.0009758,21.40299
СГГУ Здравко Цветковски,Скопје,Булевар Партизански Одреди,42.0013773,21.4022546
Блок Г,Скопје,Митрополит Теодосиј Гологанов,41.9994515,21.3898874
Блок Б,Скопје,Митрополит Теодосиј Гологанов,41.9989673,21.3903875
Студентски дом „Гоце Делчев“,Скопје,Лондонска,41.9989583,21.3908855
Блок В,Скопје,Митрополит Теодосиј Гологанов,41.9993839,21.3904647
Блок А,Скопје,Митрополит Теодосиј Гологанов,41.9990407,21.38978
Студентски дом „Гоце Делчев“,Скопје,Лондонска,41.9992187,21.3903055
ОУ Братство,Скопје,Јоаким Осоговски,42.0014297,21.388675
ОУ Христијан Тодоровски Карпош,Скопје,Драган Ѓаконовски Шпато,42.0042785,21.4131522
Центар за странски јазици,Скопје,Орце Николов,42.0045613,21.4137621
ОУ Христијан Тодоровски Карпош,Скопје,Драган Ѓаконовски Шпато,42.0042293,21.4133152
Архитектонски и Градежен факултет,Скопје,Булевар Партизански Одреди,42.0001217,21.418838
Библиотека „Браќа Миладиновци“,Скопје,Булевар Партизански Одреди,41.9997022,21.4202483
ОУ Коле Неделковски,Скопје,Радњанска,42.0003321,21.4198144
ПСУ „Јахја Кемал“,Скопје,Варшавска,42.0009938,21.3930511
ПСУ „Јахја Кемал“,Скопје,Варшавска,42.0012155,21.3931098
ООУ „Јан Амос Коменски“,Скопје,Виенска,42.0006621,21.3938776
Меѓународни Училишта НОВА (основно училиште),Скопје,Прашка,41.998728,21.3943179
Меѓународни Училишта НОВА (основно училиште),Скопје,Прашка,41.9985982,21.3942521
Меѓународни Училишта НОВА (гимназија),Скопје,Прашка,41.9989009,21.3935051
ОУ Димо Хаџи Димов,Скопје,Ангел Динев,42.0052466,21.3738667
ОУ Димитар Беровски,Скопје,1261,42.003117,21.3574814
СУГС Кочо Рацин,Скопје,Александар Муртукулов,42.0043695,21.3638121
СУГС Кочо Рацин,Скопје,Александар Муртукулов,42.0048338,21.3636482
ОУ Партение Зографски,Скопје,Благоја Стефковски,42.0029025,21.4817394
ОУ Климент Охридски,Драчево,Улица 4,41.9305394,21.5262392
СУГС Браќа Миладиновци,Драчево,Китка,41.9355621,21.5227727
ОУ Рајко Жинзифов,Драчево,Бранко Заревски,41.9409409,21.5099439
ОУ Кузман Шапкарев,Драчево,Ѓорѓи Динката,41.9412925,21.5220616
ФОН Универзитет,Скопје,Киро Глигоров,41.9929199,21.4740172
"Средно Богословско Училиште „Св.Климент Охридски”",Драчево,Јустинијан Први,41.930702,21.5250014
ОУ Лазо Ангеловски,Скопје,Видое Смилевски-Бато,41.9831139,21.4801673
ОУ Ѓорѓија Пулевски,Скопје,Васко Карангелевски,41.989496,21.4647681
ОУ Ѓорѓија Пулевски,Скопје,Васко Карангелевски,41.9892022,21.4649948
С.У.Г.С. Владо Тасевски,Скопје,3. Македонска Бригада,41.9779285,21.4614259
ОУ Невена Георгиева Дуња,Скопје,Ѓорѓи Сугаре,41.9800546,21.4458676
ОУ Невена Георгиева Дуња,Скопје,Ѓорѓи Сугаре,41.9804094,21.4452441
Институт за лозарство и винарство,Скопје,Булевар Христијан Тодоровски Карпош,42.0313019,21.4530707
ОУ Ѓорче Петров,Скопје,4 Јули,42.0077915,21.3368528
Манастир Св. Богородица,Побожје,R2239,42.1255367,21.4283104
ОУ Св. Климент Охридски,Облешево,A3,41.883892,22.3341079
ОУ Раде Кратовче,Кочани,Коста Рацин,41.9234148,22.4108657
ОУ Малина Попиванова,Кочани,Тодосија Паунов,41.9143529,22.4218469
ОУ Малина Попиванова,Кочани,Тодосија Паунов,41.9141705,22.4222383
ОУ Кирил и Методиј,Кочани,Лазар Андонов,41.9138185,22.4103305
СОУ Љупчо Сантов,Кочани,Глигор Апостолов Гочо,41.9140811,22.4098727
Детска Градинка Павлина Вељанова клон 4,Кочани,Гоце Делчев,41.9233978,22.4096618
Детска Градинка Павлина Вељанова клон 2,Кочани,Македонска,41.9151522,22.4260406
ОУ Крсте Петков Мисирков,Оризари,Гоце Делчев,41.9249258,22.444769
Krste P. Misirkov,Оризари,Гоце Делчев,41.9248009,22.4448324
Техничко-технолошки кампус,Скопје,Илинденска,42.0042411,21.4089886
АСУЦ Боро Петрушевски,Скопје,Петнаесети Корпус,42.0015951,21.4754763
Хидробиолошки Институт,Охрид,Булевар Свети Наум Охридски,41.101707,20.8148319
Коле Канински,Битола,Паца Мирчева,41.0045734,21.3466282
Висока медицинска школа - Битола,Битола,Ѓорѓи Наумов – Шоферо,41.0230896,21.3186884
Школа,Куманово,Тане Георгиев,42.1338865,21.7207615
Ангел Шајче 3,Куманово,Братство Единство,42.1394902,21.7158643
11-ти Октомври,Куманово,Тодор В.,42.1387933,21.7159217
"ООУ ""Гоце Делчев""",Демир Хисар,Гоце Делчев,41.2180763,21.2033236
"СОУ ""Крсте Петков-Мисирков""",Демир Хисар,Гоце Делчев,41.2181392,21.2024961
ОУ Јоаким Крчовски,Орман,Мајка Тереза,42.0545245,21.3489186
ОУ Јоаким Крчовски,Чучер Сандево,A4,42.0681485,21.3365301
ОУ Борис Кидрич,Скопје,Георги Димитров,41.9798991,21.438909
Манастир Св. Илија,Бањане,Манастир Св. Илија,42.1298841,21.3875029
Браќа Миладиновци,Скопје,Виа Игнација,42.0064775,21.3614728
СОУ Мирко Милески-Урош,Кичево,Рудничка,41.5117575,20.9576191
KAM Supermarket,Охрид,Стив Наумов,41.1191819,20.7961468
"Детска Градинка ""Росица""",Охрид,Пере Тошев,41.1195648,20.7938914
ОУ Тихомир Милошевски,Ново Село,1-Jan,42.0311313,21.3494164
Игротека Вини Пу,Скопје,Тодор Чангов 41,41.983424,21.4868579
Градинка Олга Мицеска,Кичево,11 Септември,41.5100198,20.9546292
СЕТУ Михајло Пупин,Скопје,Благоја Стефковски,42.0022755,21.4794205
"СУГС ""Марија Кири Склодовска""",Скопје,3. Македонска Бригада,41.9788554,21.4642829
Факултет за безбедност,Идризово,Улица 1,41.9571005,21.5575977
Основно музичко училиште „Методиј Патчев“,Охрид,Никола Карев,41.1117215,20.8097257
Универзитет за Инфоматички Науки и Технологии „Св. Апостол Павле“,Охрид,Партизанска,41.1133075,20.8025818
ООУ Свети Климент Охридски,Драслајца,R2243,41.2072454,20.6790424
ООУ Свети Климент Охридски,Драслајца,R2243,41.2068933,20.6791879
ОУ Страшо Пинџур,Чешиново,R534,41.8745703,22.2935118
,Охрид,Димитар Влахов,41.1128346,20.8077376
ОУ Гоце Делчев,Ресен,11 Septemvri,41.0897148,21.0156862
"ПООУ ""Гоце Делчев"" - Света",Света,R2339,41.2655707,21.2751278
"ПООУ ""Гоце Делчев"" - Света",Света,R2339,41.2655997,21.2753962
Medrese,Тетово,Браќа Миладинови,42.0061252,20.9663504
Gjimnazi i Tetovës,Тетово,Браќа Миладинови,42.006355,20.9644861
Ѓорче Петров,Тетово,,42.0074969,20.965453
Гимназија „Кирил Пејчиновиќ“,Тетово,Ѓорче Петров,42.0062148,20.9646283
Gjimnazi i Tetovës,Тетово,Браќа Миладинови,42.0064613,20.96429
Gjimnazi i Tetovës,Тетово,Браќа Миладинови,42.0063358,20.9646992
ОУ Никола Карев,Пробиштип,Скоевска,41.9914581,22.1867808
ОУ Никола Карев,Пробиштип,Скоевска,41.9913489,22.187286
Универзитет на Југоисточна Европа,Тетово,Илинденска,41.9888732,20.9627256
Универзитет на Југоисточна Европа,Тетово,Илинденска,41.988462,20.9627217
Универзитет на Југоисточна Европа,Тетово,Илинденска,41.9878486,20.9613709
Универзитет на Југоисточна Европа,Тетово,Илинденска,41.9876132,20.9613065
Универзитет на Југоисточна Европа,Тетово,Илинденска,41.9876474,20.9608345
Универзитет на Југоисточна Европа,Тетово,Илинденска,41.9871353,20.9607208
Универзитет на Југоисточна Европа,Тетово,Илинденска,41.9873848,20.9607232
Max Van Der Stoel Institute,Тетово,Илинденска,41.9874461,20.9602847
Универзитет на Југоисточна Европа,Тетово,Илинденска,41.988068,20.9611888
Универзитет на Југоисточна Европа,Тетово,Илинденска,41.9882893,20.9614002
Универзитет на Југоисточна Европа,Тетово,Илинденска,41.988344,20.9603016
Универзитет на Југоисточна Европа,Тетово,Илинденска,41.9881764,20.9601646
Универзитет на Југоисточна Европа,Тетово,Илинденска,41.9880826,20.9604635
Универзитет на Југоисточна Европа,Тетово,Илинденска,41.9878327,20.9602039
Универзитет на Југоисточна Европа,Тетово,Илинденска,41.9876815,20.9597676
Универзитет на Југоисточна Европа,Тетово,Илинденска,41.9879862,20.9598296
Универзитет на Југоисточна Европа,Тетово,Илинденска,41.9871987,20.960041
Универзитет на Југоисточна Европа,Тетово,Илинденска,41.9870654,20.9602483
Универзитет на Југоисточна Европа,Тетово,Илинденска,41.9872713,20.960445
Универзитет на Југоисточна Европа,Тетово,Илинденска,41.9872481,20.9597349
Универзитет на Југоисточна Европа,Тетово,Илинденска,41.9869922,20.9598289
Универзитет на Југоисточна Европа,Тетово,Илинденска,41.9867849,20.9617284
Универзитет на Југоисточна Европа,Тетово,Илинденска,41.9865421,20.9623127
Универзитет на Југоисточна Европа,Тетово,Илинденска,41.9862657,20.9627027
Универзитет на Југоисточна Европа,Тетово,Илинденска,41.986658,20.9604068
Универзитет на Југоисточна Европа,Тетово,Илинденска,41.9859732,20.9610923
Универзитет на Југоисточна Европа,Тетово,Илинденска,41.9864598,20.9607272
Универзитет на Југоисточна Европа,Тетово,Илинденска,41.9867092,20.9607247
Универзитет на Југоисточна Европа,Тетово,Илинденска,41.986415,20.9612327
Универзитет на Југоисточна Европа,Тетово,Илинденска,41.9859087,20.9616059
Универзитет на Југоисточна Европа,Тетово,Илинденска,41.9863542,20.9617268
Универзитет на Југоисточна Европа,Тетово,Илинденска,41.9862525,20.9602934
Универзитет на Југоисточна Европа,Тетово,Илинденска,41.9858526,20.9604875
Универзитет на Југоисточна Европа,Тетово,Илинденска,41.9857764,20.9607393
Универзитет на Југоисточна Европа,Тетово,Илинденска,41.9860244,20.9607401
Универзитет на Југоисточна Европа,Тетово,Илинденска,41.985269,20.9617512
СОУ Ѓорче Петров,Крива Паланка,8-ми Октомври,42.2059434,22.341537
СОУ Ѓорче Петров,Крива Паланка,8-ми Октомври,42.2060719,22.3409621
ОУ Рајко Жинзифов,Скопје,Саса-2,41.95583,21.4836519
Pero Nakov,Куманово,Пиринска,42.1330765,21.726612
O.U. Josip Broz Tito,Жировница,R1202,41.6743563,20.5878299
Илинденска,Тетово,,41.9846823,20.9589344
Градинка Буба Мара,Скопје,Тоше Проески (Детска Улица),41.9841537,21.47891
О.У. Гоце Делчев,Скопје,Горно Лисиче,41.9698352,21.4870371
О.У. Гоце Делчев,Скопје,Горно Лисиче,41.969897,21.4874257
О.У. Гоце Делчев,Скопје,Горно Лисиче,41.9695911,21.487475
О.У. Гоце Делчев,Скопје,Горно Лисиче,41.9695079,21.4871867
О.У. Гоце Делчев,Скопје,Горно Лисиче,41.969724,21.487137
Градинка Буба Мара,Скопје,Тоше Проески (Детска Улица),41.9842048,21.4791073
Градинка Буба Мара,Скопје,Тоше Проески (Детска Улица),41.9843318,21.4790166
Градинка Буба Мара,Скопје,Тоше Проески (Детска Улица),41.9842896,21.4787332
Градинка „Сонце“,Скопје,Благој Попов,41.9788858,21.4720035
О.У. Александар Македонски,Скопје,Благој Попов,41.9793878,21.471096
Игротека Тиквичка,Скопје,Владимир Комаров,41.9901658,21.45427
Градинка Весели Цветови,Скопје,Кресна,41.976845,21.4665127
ООУ „Димитар Македонски“,Скопје,Ѓуро Малешевац,41.9735867,21.476256
Градинка Весели Цветови,Скопје,Кресна,41.9768974,21.4665726
Градинка Срничка,Скопје,Булевар Асном,41.9883172,21.4650783
Градинка Весели Цветови,Скопје,Јане Сандански,41.9849925,21.4622998
Градинка Петар Пан,Скопје,Булевар Јане Сандански,41.9874714,21.4535003
ДСУ Димитар Влахов,Скопје,3. Македонска Бригада,41.9853253,21.4458968
Градинка,Скопје,Христо Татарчев,41.9749694,21.4445351
"О.У. Гоце Делчев, с. Радиовце",Радиовце,102,41.9065083,20.9641868
"О.У. Гоце Делчев, с. Радиoвце",Радиовце,102,41.9065619,20.9643579
О.У. „Гоце Делчев“- Теново,Теново,102,41.895609,20.9807875
О.У. „Гоце Делчев“ - Теново,Теново,102,41.8958301,20.980926
ООУ Елпида Караманди,Битола,Младински Бригади,41.0316441,21.3115062
ООУ Др Трифун Пановски,Битола,Охридска,41.0310938,21.3271072
Детска градинка Пролет,Скопје,Јуриј Гагарин,41.9955469,21.3958705
Детска градинка Пролет 2,Скопје,Милан Марковиќ,41.9928054,21.4030827
ПООУ Манчу Матак,Подвис,Даме Груев,41.3925122,21.325205
ПООУ Манчу Матак,Подвис,Даме Груев,41.3923973,21.325263
ПООУ Манчу Матак,Годивле,Јане Сандански,41.3639657,21.3195769
ПООУ Манчу Матак,Годивле,Јане Сандански,41.3639235,21.3196731
УКЛО - Економски Факултет - Прилеп,Прилеп,Прилепски Бранители,41.3538313,21.5409874
СОУ Ристе Ристески-Ричко,Прилеп,Браќа Миладиновци,41.3500877,21.5347505
Борка Талески-Модерното,Прилеп,Кузман Јосифоски-Питу,41.3455025,21.5504038
Рилево,Општина Долнени,,41.4885632,21.3679896
ООУ Ѓорче Петров,Ропотово,Стојан Кузманоски,41.4519584,21.376235
ПС Ропотово,Ропотово,Андон Иваноски,41.451564,21.3719709
ДГ Наша Иднина,Прилеп,Бидимаж,41.3419565,21.545461
ДГ Наша Иднина,Прилеп,Бидимаж,41.3420898,21.5449091
ДГ Наша Иднина,Прилеп,Бидимаж,41.3421708,21.545308
Св. Никола,Дабница,Прилеп-Трескавец,41.3982656,21.5659025
Детска градинка Пролет,Скопје,Јуриј Гагарин,41.995491,21.3958946
Bajram Shabani,Куманово,Карл Маркс,42.1339413,21.7137695
ОУ Гоце Делчев,Штип,Сутјеска,41.7403638,22.2000104
Ц12,Прилеп,Браќа Миладиновци,41.3495382,21.5367723
ОУ Ванчо Прќе,Ѕвегор,A3,41.967006,22.8026976
СОУ М.М. Брицо,Делчево,бул. Методи Митевски Брицо,41.967374,22.7786663
СВ. Климент Охридски,Делчево,бул. Методи Митевски Брицо,41.9662871,22.778273
ОУ. Ванчо Прќе,Делчево,Н. Ј. Вапцаров,41.9676388,22.7741287
Весели Цветови (детска градинка),Делчево,Светозар Марковски,41.9686692,22.7729098
ОУ Ванчо Прќе,Ѕвегор,A3,41.9669801,22.8027539
ОУ. Ванчо Прќе,Делчево,Н. Ј. Вапцаров,41.9677254,22.7738872
Весели Цветови (детска градинка),Делчево,Светозар Марковски,41.9686842,22.7728294
ОУ. Св. Климент Охридски,Делчево,бул. Методи Митевски Брицо,41.9663191,22.7780548
СОУ М.М. Брицо,Делчево,бул. Методи Митевски Брицо,41.9674612,22.7781263
DTU The Faculty of Art,Тетово,Љуботенска,41.9949025,20.9492599
ПООУ Страшо Пинџур,Удово,Коста Делев,41.3451258,22.4399427
ПООУ Страшо Пинџур,Удово,Коста Делев,41.3451379,22.4400646
Др. Златан Сремец,Скопје,Емил Зола,41.9848465,21.4366391
ОУГС Битолски Конгрес,Скопје,Петре Георгиев,42.001846,21.4439235
ОУ „Аврам Писевски“,Бардовци,Улица 10,42.0261333,21.3832835
Универзитет за Инфоматички Науки и Технологии „Св. Апостол Павле“,Охрид,Партизанска,41.1132059,20.8025989
Димче Мирчев,Велес,Тодор Христов Офицерчето,41.7162497,21.7682216
ОУ Димитар Поп Георгиев - Беровски,Скопје,Воин Драшковиќ,42.0039542,21.3705171
R1303,Барбарос,,41.5202116,21.2418105
,Арачиново,,42.0256567,21.5549323
,Арачиново,,42.0258142,21.5547671
ПООУ Крсте Мисирков,Кременица,R2338,40.9217545,21.4566298
ПООУ Крсте Мисирков,Кременица,R2338,40.9217966,21.4565176
ДГ Весели Цветови,Гевгелија,Илинденска,41.1396129,22.5122728
ДГ Весели Цветови,Гевгелија,Илинденска,41.1395657,22.5121237
Научен институт за тутун - Прилеп,Варош,R1303,41.3693879,21.5145619
ПООУ Страхил Пинџуров - Страшо Пинџур,Кадино Село,R2339,41.3076349,21.4591152
ПООУ Страхил Пинџуров - Страшо Пинџур,Кадино Село,R2339,41.3074365,21.45912
ПООУ Круме Волнароски-Коља,Галичани,R2339,41.3042531,21.4784037
ПООУ Круме Волнароски-Коља,Галичани,R2339,41.3042551,21.4783497
ПООУ Круме Волнароски-Коља,Беровци,R1101,41.2972085,21.4969628
ПООУ Круме Волнароски-Коља,Беровци,R1101,41.2969372,21.4969163
ООУ Ѓорѓија Кастриот,Арачиново,Улица 10,42.0240331,21.5605292
ООУ Ѓорѓија Кастриот,Арачиново,Улица 10,42.0238679,21.5602465
СГГУ Здравко Цветковски,Скопје,Булевар Партизански Одреди,42.0009633,21.4021518
Мајски цвет,Скопје,Варшавска,42.0006596,21.3967735
Меѓународен балкански универзитет,Скопје,Самоилова,42.001799,21.4348452
ООУ Крсте Мисирков,Барешани,L50152,40.9525547,21.3592794
ООУ Крсте Мисирков,Барешани,L50152,40.9523532,21.3595993
ПООУ Пецо Крстески-Даскалот,Сарандиново,R1303,41.4127235,21.3989089
ПООУ Пецо Крстески-Даскалот,Новоселани,Марко Деспотоски,41.402306,21.4341518
ПООУ Пецо Крстески-Даскалот,Новоселани,Марко Деспотоски,41.4024174,21.4340677
ПООУ Пецо Крстески-Даскалот,Новоселани,Марко Деспотоски,41.3820845,21.4149645
ПООУ Климент Охридски,Мажучиште,R1303,41.386372,21.4980421
ПООУ Климент Охридски,Мажучиште,R1303,41.386242,21.498066
СОУ Мирче Ацев-Стојче,Прилеп,Прилепски Бранители,41.3510378,21.5496053
СОУ Мирче Ацев-Стојче,Прилеп,Прилепски Бранители,41.3509255,21.5498577
ПООУ Страхил Пинџуров - Страшо Пинџур,Големо Коњари,R1306,41.3434317,21.4410664
ПООУ Страхил Пинџуров - Страшо Пинџур,Големо Коњари,R1306,41.3434562,21.4413014
ООУ Круме Волнароски-Коља,Тополчани,Тополчани,41.2259362,21.4322413
ООУ Круме Волнароски-Коља,Тополчани,Тополчани,41.2257354,21.4319154
Искра,Штип,Рибник,41.7312801,22.1752756
Ректорат,Штип,Димитар Влахов,41.7363459,22.1823884
Факултетска библиотека и компјутерница,Скопје,16 Makedonska brigada,42.0029297,21.4587629
Факултетска библиотека и компјутерница,Скопје,16 Makedonska brigada,42.0029542,21.4587078
Лабораторија за Патологија и Сметководство,Скопје,16 Makedonska brigada,42.0031821,21.4587963
Томе Стефановски - Сениќ,Скопје,Булевар Александар Македонски,42.0018403,21.4721954
Томе Стефановски - Сениќ,Скопје,Булевар Александар Македонски,42.0011838,21.471974
ПООУ Круме Волнароски-Коља,Штавица,R1107,41.2595862,21.5711737
ПООУ Круме Волнароски-Коља,Штавица,R1107,41.2595809,21.5711074
Браќа Миладиновци,Трап,R29175,41.1419236,21.4331946
Браќа Миладиновци,Трап,R29175,41.1416753,21.433271
ООУ Јонче Смугрески,Обршани,Љубе Грујоски,41.2784558,21.3646052
ООУ Јонче Смугрески,Обршани,Љубе Грујоски,41.2779551,21.3651082
ООУ Јонче Смугрески,Обршани,Љубе Грујоски,41.2786553,21.3642291
Музичко училиште „Тоше Проески“,Битола,1. Мај,41.0314212,21.3298038
Музичко училиште „Тоше Проески“,Битола,1. Мај,41.0314189,21.3299719
,Битола,Судска,41.0314166,21.3300378
О.У. Прпарими,Форино,R2233,41.830554,20.9662963
Гимазија „Славчо Стојменски“ - Штип,Штип,Борко Талев,41.7360983,22.1922463
ОУ Ванчо Прќе,Штип,Васил Доганџ.,41.7360923,22.1934213
Манчу Матак,Врбјани,R1306,41.3316428,21.3903955
Манчу Матак,Врбјани,R1306,41.3315928,21.3904339
,Беловодица,,41.3382692,21.7009981
,Беловодица,,41.3380835,21.7009184
Турско Школо,Штип,Страшо Пинџур,41.7371725,22.1959235
Библиотека “Гоце Делчев“,Штип,Вита Поп Јорданова,41.7358729,22.1946584
СТУ Димитар Мирасчиев,Штип,Мирче Ацев,41.7363607,22.1949212
,Штип,,41.7356561,22.1925183
ОУ Тошо Арсов,Штип,Бул. ЈНА,41.7495868,22.1918309
ОУ Тошо Арсов,Штип,Бул. ЈНА,41.7491996,22.1916672
ООУ Димитар Влахов,Штип,Џемал Бједиќ,41.7504364,22.2027954
Кампус 4,Штип,Михајло Апостолски,41.7367383,22.2034127
Кампус 4,Штип,Михајло Апостолски,41.7366657,22.203384
СОУ Јане Сандански - Штип,Штип,Трајко Кош,41.73156,22.1995433
СОУ Јане Сандански - Штип,Штип,Трајко Кош,41.7317945,22.1993584
Факултет за Медицински Науки - Деканат,Штип,Љубен Иванов,41.7338389,22.1991075
Христијан Тодоровски Карпош,Штип,,41.7378415,22.2022417
"ДМУЦ ""Сергеј Михајлов""",Штип,Иво Лола Рибар,41.7382299,22.1911101
"ДМУЦ ""Сергеј Михајлов""",Штип,Иво Лола Рибар,41.738082,22.1910399
Крсте Мисирков,Штип,,41.7361293,22.1833318
ОУ Гоце Делчев,Штип,Сутјеска,41.7402344,22.2000214
Супер Кид-Го,Штип,Браќа Даневи,41.7450568,22.198007
Кампус 2,Штип,R1204,41.7465031,22.183539
Кампус 2,Штип,R1204,41.7469465,22.1836683
Градинка Астибо,Штип,Брегалничка,41.7450793,22.1882511
СОУ „Коле Нехтенин“,Штип,R1204,41.7477459,22.1824148
СОУ „Коле Нехтенин“,Штип,R1204,41.7478065,22.1817769
СОУ „Коле Нехтенин“,Штип,R1204,41.7476383,22.1829028
СОУ „Коле Нехтенин“,Штип,R1204,41.7478312,22.1824738
Кампус 4,Штип,Железничка,41.7598777,22.1659847
Музичка академија,Штип,Кузман Јосфовски Питу,41.7369521,22.1911505
СОУ Јане Сандански - Штип,Штип,Трајко Кош,41.7314322,22.1996241
Факултет за Медицински Науки,Штип,Мирче Ацев,41.7362962,22.1951343
Ilindenska,Чашка,,41.6484751,21.6903626
,Марино,,41.9904094,21.5845757
,Марино,,41.9902139,21.5845066
Ѕидан Мост,Богомила,R2336,41.5901329,21.4714461
Братство Миѓени,Сараќино,R1206,41.9816332,21.0410511
Братство Миѓени,Сараќино,R1206,41.9817931,21.0411926
Братство Миѓени,Сараќино,R1206,41.9817422,21.0410969
Факултет за земјоделски науки и храна,Скопје,Булевар Александар Македонски,42.0025342,21.4579685
Лабораторија за тестирање мебел - ФДТМЕ,Скопје,16 Makedonska brigada,42.0024672,21.4591177
Фидани,Скопје,4 Dhjetori,42.0188205,21.4410749
Фидани,Скопје,4 Dhjetori,42.0189063,21.4411106
градинка Фидани,Скопје,Булевар Цветан Димов,42.0067243,21.4414001
градинка Фидани,Скопје,Булевар Цветан Димов,42.0067136,21.4416971
Градинка Срничка,Скопје,Булевар Асном,41.9882288,21.4650196
Градинка Срничка,Скопје,Булевар Асном,41.988507,21.4653826
Градинка Срничка,Скопје,Булевар Јане Сандански,41.9884047,21.4652474
Градинка Срничка,Скопје,Булевар Асном,41.9884175,21.4649922
ОУ „Блаже Конески“,Скопје,Анастас Митрев,41.9867538,21.4499459
Поранешен ФОН,Скопје,Методија Андонов Ченто,42.0045869,21.4888751
Интернационално Школо,Скопје,Антоние Грубишиќ,42.0006861,21.4221375
Кукушка,Скопје,Кукушка,42.0020022,21.4269739
ООУ Димитар Влахов,Штип,Џемал Бједиќ,41.7506585,22.2026121
"Градинка ""Сончогледи""",Штип,Сремски Фронт,41.750727,22.2007415
"Градинка ""Сончогледи""",Штип,Сремски Фронт,41.7506997,22.2006981
Државен Универзитет Тетово,Тетово,R2233,41.9928949,20.9622694
ССОУ Моша Пијаде,Тетово,Илинденска,41.991595,20.9620358
ПООУ Гоце Делчев,Топлица,R1101,41.3804988,21.8078733
ПООУ Гоце Делчев,Топлица,R1101,41.3800613,21.8079298
,Скопје,Јане Сандански,41.9861556,21.4696516
,Скопје,Јане Сандански,41.9862633,21.4698
,Скопје,Јане Сандански,41.985971,21.4699071
Градинка Весели Цветови,Скопје,Јане Сандански,41.9851351,21.4620773
Градинка Весели Цветови,Скопје,Јане Сандански,41.9848935,21.4622718
ООУ Страхил Пинџуров - Страшо Пинџур,Мало Коњари,R1306,41.337092,21.4628813
ООУ Страхил Пинџуров - Страшо Пинџур,Мало Коњари,R1306,41.3374455,21.4627575
ПООУ Круме Волнароски-Коља,Старо Лагово,R1107,41.294907,21.5359739
ПООУ Круме Волнароски-Коља,Старо Лагово,R1107,41.2949534,21.5357672
ОУ Дервиш Цара,Долно Палчиште,R1206,41.9765148,20.9389927
СОУ Ристе Ристески-Ричко,Прилеп,Браќа Миладиновци,41.3497927,21.534754
Св. Никола,Дабница,Прилеп-Трескавец,41.3982262,21.5658231
Горна Белица,Белица,R2132,41.675686,21.3055149
Woodrow Wilson High School,Долно Седларце,R2233,41.9778213,20.9709518
ЕМУЦ - Наце Буѓони,Куманово,Народна Револуција,42.1291649,21.7164504
Mocha Caffe,Куманово,11 ти Ноември,42.1393119,21.7005975
,Куманово,,42.1388042,21.7013057
Душко Попоски,Гостивар,,41.7897506,20.9034725
"ул. ""Живко Брајковски""",Гостивар,,41.7899915,20.9034292
Душко Попоски,Гостивар,,41.7896082,20.9032762
Крсте Мисирков / Браќа Миладиновци,Куманово,Народна Револуција,42.1326968,21.7194176
Гоце Делчев,Куманово,Прва Петолетка,42.1319955,21.7216523
ОУ Крсте Мисирков,Скопје,Сречко Пужаљка,42.0103646,21.5047664
ОУ Крсте Мисирков,Скопје,Сречко Пужаљка,42.0105587,21.5047007
QSI International School of Skopje,Скопје,Партизанска 7,42.0019154,21.3819861
Orce Nikolov,Скопје,Бранислав Нушиќ,42.0028467,21.4086534
Техничко-технолошки кампус,Скопје,Илинденска,42.0054056,21.4080355
Распеана Младост,Скопје,Руѓер Бошковиќ,42.0035701,21.4132124
Распеана Младост,Скопје,Руѓер Бошковиќ,42.0035369,21.4132042
СУГС Никола Карев,Скопје,Драгиша Мисовиќ,42.0044059,21.4002679
8 Март,Драчево,Андреја Петковиќ,41.9402947,21.5118672
8 Март,Драчево,Андреја Петковиќ,41.9401664,21.5121695
Борис Трајковски,Босилово,A4,41.424051,22.7670622
ПООУ Круме Волнароски-Коља,Веселчани,A3,41.2638784,21.4334031
ПООУ Круме Волнароски-Коља,Веселчани,A3,41.2640061,21.4335332
Основно училиште „Братство Единство“,Охрид,Марко Нестороски,41.1188766,20.8049943
"ОУ ""Перпарими""",Голема Речица,R1206,41.9896253,20.9452182
ОСМУ Никола Штејн,Тетово,Илинденска,41.9930705,20.9610784
ОСМУ Никола Штејн,Тетово,Илинденска,41.9928043,20.9612027
Државен Универзитет Тетово,Тетово,R2233,41.993137,20.962364
Петар Поп Арсов,Скопје,Трифун Бузев,42.0063887,21.3878232
ООУ Браќа Миладиновци,Струга,Јово Стефаноски - Риле,41.1749749,20.6847901
ООУ Браќа Миладиновци,Струга,Јово Стефаноски - Риле,41.1750078,20.6846372
ДГ Сонце,Струга,Јово Стефаноски - Риле,41.174678,20.6883362
ДГ Сонце,Струга,Јово Стефаноски - Риле,41.1747152,20.6884082
ООУ Јосип Броз - Тито,Струга,Разме Малески,41.1750725,20.66851
ООУ Јосип Броз - Тито,Струга,Разме Малески,41.1751284,20.6691117
Парк на поезијата,Струга,R1208,41.1746569,20.6773524
ДГ Пеперутка,Струга,Вељко Влаховиќ,41.1742866,20.6688423
ДГ Пеперутка,Струга,Вељко Влаховиќ,41.1742984,20.6690686
Тошо Велков Пепето,Кавадарци,Ленинова,41.4374831,22.0167919
Институт за Сточарство,Скопје,Булевар Илинден,42.0087773,21.4130242
ОУ Мирче Ацев,Скопје,Јадранска,42.0081353,21.3508135
ПООУ Стале Попов,Кален,R1107,41.2917101,21.6286652
ПООУ Стале Попов,Кален,R1107,41.2917288,21.6284705
ДГ Естреја Овадија - Мара,Битола,Цане Бујуковски,41.0454095,21.3445957
ДГ Естреја Овадија - Мара,Битола,Цане Бујуковски,41.0453777,21.3446097
,Скопје,9 Мај,41.9975165,21.4160242
,Бистрица,,41.6148682,21.5198423
Shkolla tete vjecare RILINDJE e fsh. Llojane,Лојане,Rruga Mahalla e Eper,42.2156933,21.6659271
Земјоделски факултет,Штип,R1204,41.7462947,22.1840913
Кампус 2,Штип,R1204,41.7465925,22.1841572
Кампус 2,Штип,R1204,41.7464597,22.1839232
Кампус 2,Штип,R1204,41.7462592,22.1837924
Факултет за информатика,Штип,R1204,41.7461965,22.1835056
Кампус 2,Штип,R1204,41.7460744,22.1836326
Правен факултет,Штип,Железничка,41.7602833,22.1653209
Филолошки факултет,Штип,Железничка,41.7600833,22.1655961
Кампус 4,Штип,Железничка,41.7599093,22.1658264
Кампус 4,Штип,Железничка,41.7597211,22.1660979
Ректорат,Штип,Димитар Влахов,41.7362137,22.1822087
Ликовна академија,Штип,Кеј Маршал Тито,41.7369647,22.190973
Музичка академија,Штип,Кузман Јосфовски Питу,41.7370232,22.1912714
Филмска академија,Штип,Ванчо Прке,41.7371851,22.1911017
СТУ Димитар Мирасчиев,Штип,Мирче Ацев,41.7364225,22.1947887
Универзитет на Југоисточна Европа,Тетово,Илинденска,41.9868787,20.9612124
Факултет за биотехнички науки - Битола,Битола,Стале Попов,41.0229995,21.32641
,Битола,Партизански Одреди на Македонија,41.0221316,21.3309606
"Градинка ""Виножито""",Штип,Сајбие Демир,41.7524449,22.1968914
Shkolla Emin Duraku,Буковиќ,R1206,41.973436,21.2378011
Јахја Кемал основно и средно училиште,Скопје,Варшавска,42.0007654,21.3925025
,Белушино,,41.437061,21.2492009
ООУ Христо Узунов,Другово,Гоце Делчев,41.483621,20.9223387
ООУ Др Владимир Полежиноски-Полежина,Кичево,Левче Стефаноски - Тарзан,41.5040508,20.9599494
Ристо Шуклев,Негорци,7 Ноември,41.1830841,22.4805527
Основно Училиште Гоце Дечев,Виница,Даме Груев,41.8831216,22.5122418
,Ракле,,41.4212852,21.75111
Економски факултет - Прилеп,Прилеп,Прилепски Бранители,41.353907,21.5409813
,Росоман,,41.5181623,21.9411584
ООУ Пере Тошев,Росоман,L10701,41.5162603,21.9444266
ООУ Пере Тошев,Росоман,L10701,41.5165734,21.9443784
ООУ Христо Узунов,Другово,Гоце Делчев,41.4837946,20.9221859
ООУ Христо Узунов,Другово,Гоце Делчев,41.4834747,20.9221349
ООУ Кузман Јосифоски-Питу,Кичево,Борис Кидрич,41.5088509,20.9557622
Градинка Олга Мицеска,Кичево,11 Септември,41.5100513,20.9546238
L50210,Бабино,,41.2995004,21.0822092
,Базерник,,41.2812395,21.047253
,Базерник,,41.2813223,21.0472091
L50210,Бабино,,41.2995414,21.0821406
ООУ Др Владимир Полежиноски-Полежина,Кичево,Левче Стефаноски - Тарзан,41.5041768,20.9600529
СОУ Мирко Милески-Урош,Кичево,Рудничка,41.5116348,20.9577086
О.У Санде Штерјоски,Кичево,Ибе Паликуќа,41.5189267,20.9575729
ООУ „Гоце Делчев“,Свети Николе,Цветан Димов,41.8665686,21.9411694
ООУ „Гоце Делчев“,Свети Николе,Цветан Димов,41.8666471,21.9413014
Детска градинка „Рахилка Гонева“,Свети Николе,Кочо Рацин,41.8648034,21.9350581
,Свети Николе,Кочо Рацин,41.8649154,21.9349712
СОУ „Кочо Рацин“,Свети Николе,Кочо Рацин,41.8655291,21.9385917
СОУ „Кочо Рацин“,Свети Николе,Кочо Рацин,41.8655318,21.9386131
ООУ „Кирил и Методиј“,Свети Николе,Ангел Трајчев,41.8639141,21.9373393
ООУ „Кирил и Методиј“,Свети Николе,Ангел Трајчев,41.8639161,21.9371776
Средно стручно училиште „Кочо Рацин“,Свети Николе,Маршал Тито,41.8627383,21.9490153
Средно стручно училиште „Кочо Рацин“,Свети Николе,Маршал Тито,41.8624398,21.9492273
Средно стручно училиште „Кочо Рацин“,Свети Николе,Маршал Тито,41.8627461,21.9490076
Средно стручно училиште „Кочо Рацин“,Свети Николе,Маршал Тито,41.8628435,21.9485805
,Богданци,,41.2031624,22.5740377
Kiril Pejchinovik,Скопје,Народни Херои,41.9781468,21.4443324
,Скопје,Петар Дељан,41.9814071,21.4427156
СОУ „Јосиф Јосифовски“,Гевгелија,G. P. Odredi,41.1423451,22.5047128
,Кочани,9ти Мај,41.9144103,22.4149807
Детска градинка Павлина Вељанова клон 1,Кочани,9ти Мај,41.9142804,22.4148566
Detska Gradinka Pavlina Veljanova,Кочани,Цар Самуил,41.9233836,22.4097767
Детска Градинка Павлина Вељанова клон 3,Кочани,Скопска,41.9100417,22.4032731
СОУ Кузман Јосифоски-Питу,Прилеп,Цар Самоил,41.3387087,21.5538301
ООУ Рампо Левков-Левката,Прилеп,Цар Самоил,41.3377561,21.5540674
ООУ Рампо Левков-Левката,Прилеп,Цар Самоил,41.3377377,21.5542862
СОУ Кузман Јосифоски-Питу,Прилеп,Цар Самоил,41.3385501,21.5539996
ООУ Ѓорѓи Делчев-Гоце,Прилеп,Мечкин Камен,41.3428233,21.5680548
ООУ Ѓорѓи Делчев-Гоце,Прилеп,Мечкин Камен,41.3430617,21.5678225
ПООУ Блаже Конески,Прилеп,Борка Лопач,41.356895,21.5358622
ПООУ Блаже Конески,Прилеп,Борка Лопач,41.3570743,21.5357858
СОУ Ѓорче Петров,Прилеп,Октомвриска,41.3433546,21.5650626
СОУ Ѓорче Петров,Прилеп,Октомвриска,41.3433663,21.5647437
Градска библиотека Искра,Кочани,Маршал Тито,41.9194025,22.4099433
ПООУ Круме Волнароски-Коља,Тополчани,Тополчани,41.2372129,21.4065567
ПООУ Круме Волнароски-Коља,Тополчани,Тополчани,41.2374164,21.4062116
ПООУ Гоце Делчев,Плетвар,R1101,41.3676903,21.6531285
ПООУ Гоце Делчев,Плетвар,R1101,41.3676703,21.6530743
ООУ „Димитар Македонски“,Скопје,Ѓуро Малешевац,41.973643,21.4762493
ПООУ Круме Волнароски-Коља,Алинци,A3,41.2594546,21.482399
ПООУ Круме Волнароски-Коља,Алинци,A3,41.2593096,21.4824946
ПООУ Круме Волнароски-Коља,Алинци,A3,41.2593031,21.4824365
Наум Наумоски-Борче,Крушево,Коча Миленку,41.3669471,21.2488977
,Ерековци,R2340,41.2158805,21.4859981
ПООУ Кирил и Методиј,Тополчани,R1101,41.2159241,21.4860525
ПООУ Круме Волнароски-Коља,Штавица,R1107,41.2820106,21.5688455
ПООУ Круме Волнароски-Коља,Штавица,R1107,41.2818867,21.5687654
ПООУ Круме Волнароски-Коља,Пашино Рувци,Борис Трајковски,41.2485229,21.3951998
ПООУ Круме Волнароски-Коља,Пашино Рувци,Борис Трајковски,41.2485534,21.3953446
ПООУ Круме Волнароски-Коља,Пашино Рувци,Борис Трајковски,41.2486991,21.3952877
ПООУ Круме Волнароски-Коља,Пашино Рувци,Борис Трајковски,41.2485529,21.3953509
ПООУ Стале Попов,Зовиќ,L50736,41.1633129,21.6865729
ПООУ Стале Попов,Зовиќ,L50736,41.1632546,21.6864288
ПООУ Гоце Делчев,Тројаци,R1101,41.3723738,21.7407889
ПООУ Гоце Делчев,Тројаци,R1101,41.372422,21.7406832
,Крушево,Тодор Проески-Тоше,41.3750964,21.244273
ПООУ Круме Волнароски-Коља,Ново Лагово,R1101,41.3105594,21.5141241
ПООУ Круме Волнароски-Коља,Ново Лагово,R1101,41.3105802,21.5140705
,Топлица,,41.4005951,21.7419379
ПООУ Стале Попов,Дуње,R29172,41.2798969,21.6708349
ПООУ Стале Попов,Дуње,R29172,41.2799488,21.6706316
"Гимназија ""Јосип Броз Тито""",Скопје,Dimitrie Čupovski,41.9944666,21.4261921
ПООУ Стале Попов,Мелница,R1107,41.1474772,21.8237889
ПООУ Стале Попов,Мелница,R1107,41.1473981,21.8238967
ПООУ Рампо Левков-Левката,Прилеп,A3,41.3259532,21.5769981
ПООУ Рампо Левков-Левката,Прилеп,A3,41.3259156,21.5767984
ПООУ Кирил и Методиј,Маково,L50709,41.1796227,21.5963127
ПООУ Кирил и Методиј,Маково,L50709,41.1795491,21.5962861
ПООУ Кирил и Методиј,Штавица,R1107,41.2312048,21.5472914
ПООУ Кирил и Методиј,Штавица,R1107,41.2311074,21.5473355
ПООУ Круме Волнароски-Коља,Прилеп,R1303,41.3020556,21.5674534
ПООУ Круме Волнароски-Коља,Прилеп,R1303,41.302,21.5674936
ПООУ Стале Попов,Манастир,Пат за Чебрен,41.1669093,21.7278767
ПООУ Стале Попов,Манастир,Пат за Чебрен,41.1669231,21.727812
ПООУ Стале Попов,Дуње,R1107,41.2057657,21.6535331
ПООУ Стале Попов,Дуње,R1107,41.2058033,21.6536552
ПООУ Стале Попов,Бешиште,R2338,41.1387355,21.7829479
ПООУ Стале Попов,Бешиште,R2338,41.1387344,21.7828243
ПООУ Кирил и Методиј,Кален,R1107,41.2307592,21.5988046
ПООУ Кирил и Методиј,Кален,R1107,41.2307002,21.5992318
ООУ Стале Попов,Витолиште,R1107,41.1770977,21.8251273
ООУ Стале Попов,Витолиште,R1107,41.1771977,21.8262466
ДГ Наша Иднина,Големо Коњари,R1306,41.3429126,21.4418925
ПООУ Стале Попов,Дуње,R29172,41.2586721,21.6912454
ПООУ Стале Попов,Дуње,R29172,41.2587279,21.6912293
ООУ Кирил и Методиј,Добрушево,R2340,41.2130717,21.4986469
ООУ Кирил и Методиј,Добрушево,R2340,41.2128944,21.4985383
ПООУ Кирил и Методиј,Подмол,,41.2002256,21.5669311
ПООУ Кирил и Методиј,Подмол,,41.2002622,21.5670311
ПООУ Стале Попов,Кален,R1107,41.2553339,21.6457695
ПООУ Стале Попов,Кален,R1107,41.2553034,21.6461023
ПООУ Круме Волнароски-Коља,Клепач,R2340,41.2033999,21.4616361
ПООУ,Плетвар,R1101,41.4029447,21.6703269
ПООУ,Плетвар,R1101,41.4028722,21.6702258
ПООУ Круме Волнароски-Коља,Клепач,R2340,41.2034842,21.4615868
Наце Николоски,Локов,R2243,41.3660832,20.6487481
ОМУ Ордан Михајлоски-Оцка,Прилеп,Борка Велески-Левата,41.3436116,21.5540218
ОМУ Ордан Михајлоски-Оцка,Прилеп,Борка Велески-Левата,41.3435827,21.5539974
ООУ Блаже Конески,Прилеп,Пере Тошев,41.3511332,21.5373084
ООУ Блаже Конески,Прилеп,Пере Тошев,41.3512882,21.5370635
ООУ Добре Јованоски,Прилеп,11. Октомври,41.3531039,21.5520082
ООУ Добре Јованоски,Прилеп,11. Октомври,41.3530966,21.552195
ООУ Кире Гаврилоски-Јане,Прилеп,9. Септември,41.347665,21.561157
ООУ Кире Гаврилоски-Јане,Прилеп,9. Септември,41.3476567,21.560971
ООУ Климент Охридски,Прилеп,Архиепископ Доситеј,41.3463954,21.548185
ООУ Климент Охридски,Прилеп,Архиепископ Доситеј,41.3457874,21.5478952
ООУ Климент Охридски,Прилеп,Архиепископ Доситеј,41.3457072,21.5480576
ООУ Климент Охридски,Прилеп,Архиепископ Доситеј,41.3457388,21.5482661
ООУ Климент Охридски,Прилеп,Архиепископ Доситеј,41.3455595,21.5480955
ООУ Климент Охридски,Прилеп,Архиепископ Доситеј,41.3458971,21.5481513
ООУ Коста Солев-Кочо Рацин,Прилеп,Борка Талески-Модерното,41.3435678,21.5546151
ООУ Коста Солев-Кочо Рацин,Прилеп,Борка Талески-Модерното,41.3437266,21.554578
СОУ Јордан Чопела-Кулак,Прилеп,Пере Тошев,41.3519722,21.5424339
СОУ Јордан Чопела-Кулак,Прилеп,Пере Тошев,41.3521413,21.5420833
СОУ Јордан Чопела-Кулак,Прилеп,Пере Тошев,41.3522051,21.5416976
СОУ Јордан Чопела-Кулак,Прилеп,Пере Тошев,41.3524345,21.5419061
ДСД Јордан Чопела-Кулак,Прилеп,Пере Тошев,41.3527624,21.5428258
СОУ Јордан Чопела-Кулак,Прилеп,Пере Тошев,41.352116,21.5423398
,Битола,Партизански Одреди на Македонија,41.0221417,21.331096
ДГ Наша Иднина,Прилеп,Бидимаж,41.342145,21.5450546
ДГ Наша Иднина,Прилеп,Кузман Јосифоски-Питу,41.3490258,21.5454998
ДГ Наша Иднина,Прилеп,Пиринска,41.3525126,21.5526807
ДГ Наша Иднина,Прилеп,Радовишка,41.3438932,21.5687673
"ООУ „Киро Глигоров''",Скопје,Васил Ѓоргов,41.9925398,21.4143237
"ООУ „Киро Глигоров''",Скопје,Васил Ѓоргов,41.9926505,21.4143371
Факултет за биотехнички науки - Битола,Битола,Стале Попов,41.023145,21.3261203
ПООУ Ѓорче Петров,Пешталево,R2336,41.4612073,21.3989428
ПООУ Ѓорче Петров,Пешталево,R2336,41.4610251,21.3990754
ОУ Димитар Поп Георгиев - Беровски,Скопје,Воин Драшковиќ,42.0038721,21.370453
Гоце Делчев,Скопје,Даме Груев,41.9926194,21.4280379
Гоце Делчев,Скопје,Даме Груев,41.9926441,21.4278036
"Гимназија ""Јосип Броз Тито""",Скопје,Dimitrie Čupovski,41.993772,21.4262878
ПООУ Исмаил Ќемали,Црнилиште,R2336,41.5272481,21.4134381
ПООУ Исмаил Ќемали,Црнилиште,R2336,41.5273868,21.4139279
ОУ Невена Георгиева Дуња,Скопје,Ѓорѓи Сугаре,41.9802628,21.4451464
25 Мај,Скопје,Палмиро Тољати,42.0036415,21.5000676
South East European University,Скопје,Булевар Гоце Делчев,41.9991337,21.4353055
Технички факултет - Битола,Битола,Македонска Фаланга,41.020905,21.3413451
ДУД Мирка Гинова,Битола,Македонска Фаланга,41.0218478,21.3411489
СОУ Др Јован Калаузи,Битола,Македонска Фаланга,41.0224132,21.3403881
СОУ Ѓорѓи Наумов-Шоферо,Битола,Михајло Андоновски,41.0259353,21.3160103
СОУ Ѓорѓи Наумов-Шоферо,Битола,Михајло Андоновски,41.026095,21.316237
СОУ Ѓорѓи Наумов-Шоферо,Битола,Михајло Андоновски,41.0258316,21.3162396
ПООУ Коста Солев-Кочо Рацин,Прилеп,Трајко Бошкоски-Тарцан,41.3402337,21.5608459
ПООУ Коста Солев-Кочо Рацин,Прилеп,Трајко Бошкоски-Тарцан,41.3402863,21.5607907
Факултет за информатички и комуникациски технологии - Битола,Битола,Студентска,41.0226812,21.32581
Факултет за информатички и комуникациски технологии - Битола,Битола,Студентска,41.0221494,21.3261126
Факултет за информатички и комуникациски технологии - Битола,Битола,Студентска,41.0221474,21.3256333
Висока медицинска школа - Битола,Битола,Ѓорѓи Наумов – Шоферо,41.0230063,21.3189164
Педагошки факултет - Битола,Битола,11. Бригада,41.0320765,21.3147289
Педагошки факултет - Битола,Битола,11. Бригада,41.0322459,21.314817
СОУ Кузман Шапкарев,Битола,Димитар Робев,41.0447725,21.3531719
СОУ Димитар Николовски-Таки Даскало,Битола,Димитар Илиевски-Мурато,41.0292206,21.3392864
СОУ Јане Сандански,Битола,1. Мај,41.0324401,21.3309481
СОУ Јосип Броз-Тито,Битола,1. Мај,41.0325948,21.328675
ПООУ Тодор Ангелевски-Тошо Даскало,Битола,Кире Костадиновски,41.0550871,21.3414778
ПООУ Тодор Ангелевски-Тошо Даскало,Битола,Кире Костадиновски,41.0551674,21.3414535
ООУ Тодор Ангелевски-Тошо Даскалот,Битола,Илинденска,41.0370264,21.3386782
ООУ Тодор Ангелевски-Тошо Даскалот,Битола,Илинденска,41.0370877,21.3387127
ООУ Дамјан Груев-Даме,Битола,Ѓорче Петров,41.0338516,21.3451239
ООУ Дамјан Груев-Даме,Битола,Ѓорче Петров,41.0340239,21.3451267
ООУ Никола Тодоровски-Коле Канински,Битола,Карпош,41.0256801,21.3439636
ООУ Никола Тодоровски-Коле Канински,Битола,Карпош,41.0258575,21.3437856
ООУ Св. Кирил и Методиј,Битола,1. Мај,41.0309243,21.3388198
ООУ Св. Кирил и Методиј,Битола,1. Мај,41.0308289,21.3389734
ООУ Св. Климент Охридски,Битола,Димче Лахчански,41.0242695,21.3091894
ООУ Св. Климент Охридски,Битола,Димче Лахчански,41.0240314,21.3090538
ООУ Ѓорѓи Сугарев-Волкан,Битола,Димитар Влахов,41.0341842,21.3334661
ООУ Ѓорѓи Сугарев-Волкан,Битола,Димитар Влахов,41.0341489,21.3336941
ООУ Ѓорѓи Делчев-Гоце,Битола,Виенска,41.029004,21.3328394
ООУ Ѓорѓи Делчев-Гоце,Битола,Виенска,41.0289633,21.3331112
ООУ Ѓорѓи Делчев-Гоце,Битола,Виенска,41.0284717,21.3339509
ООУ Ѓорѓи Делчев-Гоце,Битола,Виенска,41.0284048,21.334397
ООУ Ѓорѓи Делчев-Гоце,Битола,Виенска,41.0280743,21.3339072
ООУ Ѓорѓи Делчев-Гоце,Битола,Виенска,41.0284842,21.3338456
ООУ Стефан Наумов-Стив,Битола,Стефан Наумов-Стив,41.0274575,21.3264014
ООУ Стефан Наумов-Стив,Битола,Стефан Наумов-Стив,41.0275757,21.3263744
ООУ Др Трифун Пановски,Битола,Охридска,41.0310581,21.3272882
ООУ Елпида Караманди,Битола,Младински Бригади,41.0313002,21.3132753
ООУ Елпида Караманди,Битола,Младински Бригади,41.0312697,21.3127648
ООУ Елпида Караманди,Битола,Младински Бригади,41.0313682,21.3126979
University of Goce Delcev,Струмица,A4,41.4422846,22.6648795
Ванчо Прке,Виница,Кочо Рацин,41.8869148,22.5066005
ПООУ Мирче Ацев-Стојче,Житоше,R2335,41.4683798,21.2887427
Sv. Kliment Ohridski,Охрид,Васил Стефоски,41.1211009,20.7792765
ОУ Дане Крапчев,Скопје,Маџари,42.0039767,21.5031501
International Primary School,Скопје,Скупи,42.013977,21.4033718
ПСУ „Јахја Кемал“,Скопје,Варшавска,42.0007145,21.3928438
ПСУ „Јахја Кемал“,Скопје,Варшавска,42.000692,21.3930159
О.У. Марко Цепенков,Орешани,R117,41.8731552,21.6005662
ПООУ Пецо Крстески-Даскалот,Подвис,Даме Груев,41.3936621,21.372446
ПООУ Пецо Крстески-Даскалот,Подвис,Даме Груев,41.3937631,21.3727578
ПООУ Исмаил Ќемали,Гостиражни,R2336,41.5549558,21.4288108
ПООУ Исмаил Ќемали,Гостиражни,R2336,41.5548757,21.4286405
ООУ Вера Циривири-Трена,Дебреште,R1303,41.4774998,21.3144962
ООУ Вера Циривири-Трена,Дебреште,R1303,41.4775057,21.3140552
ПООУ Пере Тошев,Десово,L50318,41.4641089,21.4883899
ПООУ Пере Тошев,Десово,L50318,41.4638916,21.4880816
ООУ Пецо Крстески-Даскалот,Долнени,R1303,41.4258032,21.4534524
ООУ Пецо Крстески-Даскалот,Долнени,R1303,41.4259226,21.4533306
ПООУ Пере Тошев,Дупјачани,L50318,41.4683482,21.5439773
ПООУ Пере Тошев,Дупјачани,L50318,41.4681818,21.5440715
ПООУ Пере Тошев,Дупјачани,L50318,41.4407687,21.5193829
ПООУ Пере Тошев,Дупјачани,L50318,41.4408002,21.5194596
ООУ Слобода,Житоше,R2335,41.4209264,21.279241
ООУ Слобода,Житоше,R2335,41.4209069,21.2791101
ПСОУ Мирко Милески-Урош,Житоше,R2335,41.4173185,21.2914578
ПООУ Пецо Крстески-Даскалот,Новоселани,Марко Деспотоски,41.3817058,21.41519
R29375,Зрзе,,41.5171606,21.3523209
R29375,Зрзе,,41.5172102,21.3520645
R29375,Зрзе,,41.5173286,21.3522167
ПООУ Петре Глигуровски,Костинци,R2336,41.4977507,21.4069541
ПООУ Петре Глигуровски,Костинци,R2336,41.4980251,21.4068342
ООУ Мирче Ацев-Стојче,Лажани,R2335,41.446042,21.3195437
ООУ Мирче Ацев-Стојче,Лажани,R2335,41.4461169,21.3195713
ПООУ Слобода,Локвени,R2335,41.3980947,21.3067958
ПООУ Слобода,Локвени,R2335,41.398034,21.3073324
ПООУ Пере Тошев,Дупјачани,L50318,41.4488448,21.5607018
ПООУ Пере Тошев,Дупјачани,L50318,41.4485276,21.5608702
Рилево,Општина Долнени,,41.4883754,21.3682143
ООУ Ѓорче Петров,Ропотово,Стојан Кузманоски,41.4517918,21.3763142
ПООУ Ѓорче Петров,Секирци,R2336,41.4747192,21.4167164
ПООУ Ѓорче Петров,Секирци,R2336,41.4749723,21.4168947
ПООУ Ѓорче Петров,Секирци,R2336,41.4747759,21.4170559
ПООУ Пецо Крстески-Даскалот,Сенокос,R1303,41.4138666,21.4691753
ПООУ Пецо Крстески-Даскалот,Сенокос,R1303,41.4137456,21.4692424
ПООУ Петре Глигуровски,Десово,L50318,41.5008501,21.4512527
ПООУ Петре Глигуровски,Десово,L50318,41.5006739,21.4513317
ООУ Никола Карев,Крушево,Шула Мина,41.3689042,21.2503434
ООУ Никола Карев,Крушево,Шула Мина,41.3689115,21.2503188
4 Nova,Демир Капија,11ти Октомври,41.4085852,22.2439244
3 та Македонска ударна бригада,Кратово,,42.0799647,22.177556
ОУ„Браќа Миладиновци“,Царев Двор,R1307,41.0410107,21.0045919
ОУ„Браќа Миладиновци“,Царев Двор,R1307,41.0410352,21.0047798
Park Lojrash,Неготино,R1206,41.8782848,20.8873111
"Shkolla Fillore ""Naim Frasheri"" dhe Shkolla e Mesme Komunale",Неготино,R29278,41.87822,20.8878601
Shkolla Fetare,Неготино,R1206,41.8789798,20.8824661
Shkolla Fillore e Kalishtit,Неготино,R1206,41.8804144,20.8636948
Shkolla Fillore e Gjurgjevishtit,Неготино,R1206,41.8958487,20.8622324
Shkolla Fillore Senakos,Сенокос,R1206,41.8828093,20.8917049
Shkolla Fillore Senakos,Сенокос,R1206,41.8825626,20.8916658
Shkolla Fetare Senakos,Сенокос,R1206,41.881666,20.8905933
Elementary School Magdalena Antova,Куманово,Улица 110,42.153809,21.7356606
Славчо Стоименски,Виница,Бел Камен,41.8833097,22.5034651
Славчо Стоименски,Виница,Бел Камен,41.8834688,22.5036084
ОУ Глигор Прличев,Скопје,Гемиџиска,42.0145635,21.4588205
О.У Санде Штерјоски,Кичево,Ибе Паликуќа,41.5189156,20.9575141
ООУ Кузман Јосифоски-Питу,Кичево,Борис Кидрич,41.5093489,20.9559641
Сули-ан - Факултет за ликовна уметност,Скопје,Кујунџиска,42.00167,21.4377751
О.У. Прпарими,Форино,R2233,41.8305873,20.9663036
ОУ Лазар Трповски,Скопје,Драгиша Мисовиќ,42.0058231,21.3983509
ОУ „Вера Циривири Трена“,Скопје,Руѓер Бошковиќ,42.003559,21.4090158
Техничко-технолошки кампус,Скопје,Илинденска,42.004979,21.4083431
Техничко-технолошки кампус,Скопје,Илинденска,42.0047322,21.4100719
Педагошка Академија,Скопје,Дрезденска,42.0002341,21.4054656
ОУГС Љубен Лапе,Скопје,Васко Карангелевски,41.9843491,21.4603752
О.У. Блаже Конески,Велес,Љубљанска,41.7163947,21.7751401
ОУ Дане Крапчев,Скопје,Маџари,42.0036188,21.5032893
О.У. Марко Цепенков,Орешани,R117,41.8730459,21.600622
